page,product_name
https://www.hackerrank.com,<Selector xpath='//li/text()' data='\n'>
https://www.hackerrank.com,<Selector xpath='//li/text()' data='\n'>
https://www.hackerrank.com,<Selector xpath='//li/text()' data='\n'>
https://www.hackerrank.com,<Selector xpath='//li/text()' data='\n'>
https://www.hackerrank.com,<Selector xpath='//li/text()' data='\n'>
https://www.hackerrank.com,<Selector xpath='//li/text()' data='\n'>
https://www.hackerrank.com,<Selector xpath='//li/text()' data='\n'>
https://www.hackerrank.com,<Selector xpath='//li/text()' data='\n'>
https://www.hackerrank.com,<Selector xpath='//li/text()' data='\n'>
https://www.hackerrank.com,<Selector xpath='//li/text()' data='\n'>
https://www.hackerrank.com,<Selector xpath='//li/text()' data='\n'>
https://www.hackerrank.com,<Selector xpath='//li/text()' data='\n'>
https://www.hackerrank.com,<Selector xpath='//li/text()' data='\n'>
https://www.hackerrank.com,<Selector xpath='//li/text()' data='\n\t'>
https://www.hackerrank.com,<Selector xpath='//li/text()' data='\n'>
https://www.hackerrank.com,<Selector xpath='//li/text()' data='\n'>
https://www.hackerrank.com,<Selector xpath='//li/text()' data='\n'>
https://www.hackerrank.com,<Selector xpath='//li/text()' data='\n\t'>
https://www.hackerrank.com,<Selector xpath='//li/text()' data='\n'>
https://www.hackerrank.com,<Selector xpath='//li/text()' data='\n'>
https://www.hackerrank.com/?utm_expid=.2u09ecQTSny1HV02SEVoCg.0&utm_referrer=,<Selector xpath='//li/text()' data='\n'>
https://www.hackerrank.com/?utm_expid=.2u09ecQTSny1HV02SEVoCg.0&utm_referrer=,<Selector xpath='//li/text()' data='\n'>
https://www.hackerrank.com/?utm_expid=.2u09ecQTSny1HV02SEVoCg.0&utm_referrer=,<Selector xpath='//li/text()' data='\n'>
https://www.hackerrank.com/?utm_expid=.2u09ecQTSny1HV02SEVoCg.0&utm_referrer=,<Selector xpath='//li/text()' data='\n'>
https://www.hackerrank.com/?utm_expid=.2u09ecQTSny1HV02SEVoCg.0&utm_referrer=,<Selector xpath='//li/text()' data='\n'>
https://www.hackerrank.com/?utm_expid=.2u09ecQTSny1HV02SEVoCg.0&utm_referrer=,<Selector xpath='//li/text()' data='\n'>
https://www.hackerrank.com/?utm_expid=.2u09ecQTSny1HV02SEVoCg.0&utm_referrer=,<Selector xpath='//li/text()' data='\n'>
https://www.hackerrank.com/?utm_expid=.2u09ecQTSny1HV02SEVoCg.0&utm_referrer=,<Selector xpath='//li/text()' data='\n'>
https://www.hackerrank.com/?utm_expid=.2u09ecQTSny1HV02SEVoCg.0&utm_referrer=,<Selector xpath='//li/text()' data='\n'>
https://www.hackerrank.com/?utm_expid=.2u09ecQTSny1HV02SEVoCg.0&utm_referrer=,<Selector xpath='//li/text()' data='\n'>
https://www.hackerrank.com/?utm_expid=.2u09ecQTSny1HV02SEVoCg.0&utm_referrer=,<Selector xpath='//li/text()' data='\n'>
https://www.hackerrank.com/?utm_expid=.2u09ecQTSny1HV02SEVoCg.0&utm_referrer=,<Selector xpath='//li/text()' data='\n'>
https://www.hackerrank.com/?utm_expid=.2u09ecQTSny1HV02SEVoCg.0&utm_referrer=,<Selector xpath='//li/text()' data='\n'>
https://www.hackerrank.com/?utm_expid=.2u09ecQTSny1HV02SEVoCg.0&utm_referrer=,<Selector xpath='//li/text()' data='\n\t'>
https://www.hackerrank.com/?utm_expid=.2u09ecQTSny1HV02SEVoCg.0&utm_referrer=,<Selector xpath='//li/text()' data='\n'>
https://www.hackerrank.com/?utm_expid=.2u09ecQTSny1HV02SEVoCg.0&utm_referrer=,<Selector xpath='//li/text()' data='\n'>
https://www.hackerrank.com/?utm_expid=.2u09ecQTSny1HV02SEVoCg.0&utm_referrer=,<Selector xpath='//li/text()' data='\n'>
https://www.hackerrank.com/?utm_expid=.2u09ecQTSny1HV02SEVoCg.0&utm_referrer=,<Selector xpath='//li/text()' data='\n\t'>
https://www.hackerrank.com/?utm_expid=.2u09ecQTSny1HV02SEVoCg.0&utm_referrer=,<Selector xpath='//li/text()' data='\n'>
https://www.hackerrank.com/?utm_expid=.2u09ecQTSny1HV02SEVoCg.0&utm_referrer=,<Selector xpath='//li/text()' data='\n'>
page,product_name
https://www.hackerrank.com,business
https://www.hackerrank.com,Online technical assessments
https://www.hackerrank.com,Live or remote technical interviews
https://www.hackerrank.com,Role specific real world projects
https://www.hackerrank.com,AI-powered insights for tech hiring
https://www.hackerrank.com,business
https://www.hackerrank.com,business
https://www.hackerrank.com,business
https://www.hackerrank.com/?utm_expid=.2u09ecQTSny1HV02SEVoCg.0&utm_referrer=,business
https://www.hackerrank.com/?utm_expid=.2u09ecQTSny1HV02SEVoCg.0&utm_referrer=,Online technical assessments
https://www.hackerrank.com/?utm_expid=.2u09ecQTSny1HV02SEVoCg.0&utm_referrer=,Live or remote technical interviews
https://www.hackerrank.com/?utm_expid=.2u09ecQTSny1HV02SEVoCg.0&utm_referrer=,Role specific real world projects
https://www.hackerrank.com/?utm_expid=.2u09ecQTSny1HV02SEVoCg.0&utm_referrer=,AI-powered insights for tech hiring
https://www.hackerrank.com/?utm_expid=.2u09ecQTSny1HV02SEVoCg.0&utm_referrer=,business
https://www.hackerrank.com/?utm_expid=.2u09ecQTSny1HV02SEVoCg.0&utm_referrer=,business
https://www.hackerrank.com/?utm_expid=.2u09ecQTSny1HV02SEVoCg.0&utm_referrer=,business
